method,perc,mean,ci
random,0.99,-0.340305984,0.006702
random,0.95,-0.071687505,0.004948892
random,0.9,-0.116832651,0.006006569
random,0.8,-0.122753672,0.006059649
random,0.7,-0.115761794,0.00589635
lrp,0.99,-0.068150274,0.004660664
lrp,0.95,-0.025007144,0.003100825
lrp,0.9,-0.023468023,0.003016364
lrp,0.8,-0.044607863,0.003688303
lrp,0.7,-0.033486787,0.003530138
lime,0.99,-0.175923228,0.006025196
lime,0.95,-0.03765424,0.003712034
lime,0.9,-0.046537403,0.004049543
lime,0.8,-0.033105861,0.003369902
lime,0.7,-0.029758157,0.003171571
shap,0.99,-0.022721222,0.002733901
shap,0.95,-0.008547983,0.00181318
shap,0.9,-0.016202476,0.0022595
shap,0.8,-0.008600634,0.001680063
shap,0.7,-0.004907415,0.001506224
attention,0.99,-0.198199555,0.009121396
attention,0.95,-0.104112834,0.007000841
attention,0.9,-0.032564998,0.004545632
attention,0.8,-0.026613524,0.003682478
attention,0.7,-0.061987627,0.005244706
