method,perc,mean,ci
attention,0.99,-0.1981995552778244,0.009121395571702889
attention,0.95,-0.10411283373832703,0.007000841328380588
attention,0.9,-0.03256499767303467,0.00454563210533198
attention,0.8,-0.026613524183630943,0.0036824775554131733
attention,0.7,-0.06198762729763985,0.005244705810497301
