method,perc,mean,ci
random,0.99,-0.646683156,0.012929917
random,0.95,-0.635580838,0.014308117
random,0.9,-0.557981372,0.01517741
random,0.8,-0.468077034,0.015627287
random,0.7,-0.398797601,0.015402337
lrp,0.99,-0.497306556,0.015633142
lrp,0.95,-0.371728629,0.015403581
lrp,0.9,-0.32694155,0.015229747
lrp,0.8,-0.297107935,0.01503119
lrp,0.7,-0.27462095,0.014935235
lime,0.99,-0.523667753,0.015365264
lime,0.95,-0.378003508,0.015492215
lime,0.9,-0.312529713,0.014871485
lime,0.8,-0.227480218,0.013658111
lime,0.7,-0.195055634,0.013052518
shap,0.99,-0.404974729,0.015287576
shap,0.95,-0.202323705,0.013251635
shap,0.9,-0.152424723,0.012398812
shap,0.8,-0.114082284,0.011600915
shap,0.7,-0.101523988,0.011346586
attention,0.99,-0.463995486,0.018004304
attention,0.95,-0.396640241,0.016838942
attention,0.9,-0.363341779,0.016270864
attention,0.8,-0.282984436,0.015506046
attention,0.7,-0.213836163,0.014923103
