method,perc,mean,ci
attention,0.99,-0.46399548649787903,0.01800430368794614
attention,0.95,-0.39664024114608765,0.01683894156508847
attention,0.9,-0.3633417785167694,0.01627086399318452
attention,0.8,-0.2829844355583191,0.015506046489669788
attention,0.7,-0.2138361632823944,0.014923103216247435
