method,perc,mean,ci
random,0.99,-0.471829414,0.012913928
random,0.95,-0.466879636,0.012817459
random,0.9,-0.459807485,0.012703783
random,0.8,-0.442298472,0.012551793
random,0.7,-0.419425339,0.012368167
lrp,0.99,-0.462808311,0.012677183
lrp,0.95,-0.436006993,0.012255158
lrp,0.9,-0.405959159,0.011979966
lrp,0.8,-0.35021016,0.011755471
lrp,0.7,-0.296588153,0.01269207
lime,0.99,-0.4649598,0.012669147
lime,0.95,-0.444795281,0.012282215
lime,0.9,-0.423186868,0.011824154
lime,0.8,-0.374424845,0.011050147
lime,0.7,-0.321072072,0.010737982
shap,0.99,-0.464895338,0.012620003
shap,0.95,-0.442316025,0.012100364
shap,0.9,-0.415867418,0.011583138
shap,0.8,-0.35623017,0.010836353
shap,0.7,-0.291954428,0.011206002
attention,0.99,-0.126898378,0.016984015
attention,0.95,-0.129065484,0.016859304
attention,0.9,-0.137435615,0.016401502
attention,0.8,-0.149697497,0.01575403
attention,0.7,-0.15394251,0.015434226
