method,perc,mean,ci
attention,0.99,-0.1268983781337738,0.016984015149116228
attention,0.95,-0.12906548380851746,0.016859303583633373
attention,0.9,-0.13743561506271362,0.016401501771761744
attention,0.8,-0.14969749748706818,0.01575403041678669
attention,0.7,-0.1539425104856491,0.015434226324770423
